feature,correlation,abs_correlation
n_words,0.6522936103180014,0.6522936103180014
n_sents,0.5870791595153466,0.5870791595153466
entropy,0.5066974441360055,0.5066974441360055
hapax_ratio,-0.43713308133318346,0.43713308133318346
compression_ratio,0.40473961131495856,0.40473961131495856
root_ttr,0.3959718696932355,0.3959718696932355
punctuation_diversity,0.25536025502067605,0.25536025502067605
comma_ratio,0.24111226262176091,0.24111226262176091
avg_word_len,0.20788602664417408,0.20788602664417408
prop_long_words,0.18637522309961393,0.18637522309961393
ngram_rep_rate,0.12004388523334422,0.12004388523334422
numerical_density,-0.10520303016698618,0.10520303016698618
prop_long_sentences,0.09750253926491234,0.09750253926491234
sentence_length_cv,-0.09581611478830565,0.09581611478830565
avg_words_per_sent,-0.06552768854652202,0.06552768854652202
semicolon_ratio,0.06061587156306806,0.06061587156306806
complex_punct_ratio,0.0600050529715868,0.0600050529715868
uppercase_ratio,-0.05937314971525003,0.05937314971525003
question_ratio,0.05733270342526374,0.05733270342526374
sentence_length_std,-0.05471100232906084,0.05471100232906084
vowel_density,0.029155792888703316,0.029155792888703316
exclamation_ratio,-0.027997820408896385,0.027997820408896385
flesch_kincaid_grade,-0.01517019079116439,0.01517019079116439
